Strategy,OOS_trades,OOS_win_rate_pct,OOS_sharpe,OOS_profit_factor,OOS_total_return_pct,Qualified
EMA8_EMA50_CMF_Bear_Short,7,71.43,2.3,95.99,0.43,no
BB_Upper_Rejection_Short,3,66.67,1.92,60.69,0.09,no
StochRSI_CMF_Bear_Short,21,85.71,3.25,4.6,0.76,no
WMA13_WMA34_CMF_Deep_Bear_Short,9,88.89,2.25,4.56,0.64,no
EMA9_Cross_WMA34_Fisher_ADX_Long,17,88.24,3.02,3.96,0.99,no
EMA8_Cross_WMA21_EFI_ADX_Short,6,83.33,1.72,3.85,0.47,no
WMA13_CMF_Bear_Short,8,87.5,1.87,3.81,0.57,no
StochRSI_KD_OB_Short,22,86.36,3.07,3.79,0.59,no
StochRSI_EMA_MACD_Bear_Short,24,83.33,2.13,3.27,1.29,no
StochRSI_50_Cross_Bear_Short,10,90,1.08,3.18,0.4,no
Lower_High_CMF_Bear_Short,90,90,4.14,3.04,3.31,YES
EMA9_EFI_Bear_Short,13,84.62,1.81,2.86,0.65,no
OBV_Bear_CMF_Short,64,92.19,2.99,2.71,2.42,YES
EMA8_Cross_WMA34_CMF_ADX_Long,17,88.24,1.86,2.6,0.68,no
StochRSI_4h_Overbought_Short,13,84.62,1.54,2.39,0.28,no
BB_Squeeze_Breakout_Short,12,83.33,1.5,2.39,0.64,no
Donchian_ADX_CMF_Bear_Short,34,85.29,1.9,2.32,1.17,YES
ADX_Strong_Trend_Bear_Short,26,84.62,2,2.29,1.08,no
Price_EMA21_Breakdown_Short,8,87.5,1.03,2.25,0.4,no
Three_Bear_Candles_Short,85,89.41,2.65,2.16,2.37,YES
MACD_Line_Zero_Cross_Short,10,80,1.02,2.09,0.4,no
Three_Bear_Candles_ADX_Short,80,88.75,2.49,2.08,2.21,YES
CMF_Cross_Bullish_Long,59,88.14,1.77,1.96,1.11,YES
WMA9_EMA21_Fisher_ADX_Long,20,85,1.46,1.96,0.69,no
CMF_Extreme_Bear_Short,52,86.54,1.78,1.9,1.39,YES
BB_Squeeze_EFI_ADX_Short,84,85.71,2.15,1.81,2.12,YES
WMA9_Cross_EMA13_CMF_ADX_Short,6,66.67,0.66,1.77,0.27,no
Chandelier_Bear_Break_Short,23,82.61,1.24,1.75,0.69,no
EMA21_Cross_WMA55_CMF_ADX_Long,10,80,0.66,1.7,0.18,no
OBV_Slope_EFI_ADX_Short,108,86.11,1.99,1.65,2.06,YES
Keltner_CMF_Bear_Short,54,85.19,1.46,1.65,1.27,YES
OBV_Slope_Bear_Short,21,90.48,0.77,1.65,0.43,no
Lower_High_Confirm_Short,120,83.33,2.1,1.6,2.23,YES
Two_Bar_Bear_Reversal_Short,86,82.56,1.69,1.56,1.83,YES
HMA_CMF_Bear_Short,136,83.09,2.01,1.54,2.78,YES
Fisher_Zero_CMF_ADX_Short,128,82.81,1.84,1.51,2.39,YES
Donchian_CMF_Bear_Short,95,84.21,1.55,1.51,1.72,YES
EMA9_ADX_Strong_Bear_Short,15,80,0.68,1.46,0.41,no
HMA_Slope_EMA_MACD_Bear_Short,97,80.41,1.58,1.45,1.81,YES
Bearish_Engulf_EFI_ADX_Short,39,87.18,0.74,1.44,0.52,YES
Bearish_Engulfing_Short,39,87.18,0.74,1.44,0.52,YES
EMA_MACD_CMF_Bull_Long,31,80.65,0.78,1.44,0.35,YES
WMA5_Cross_WMA21_EFI_ADX_Short,12,75,0.54,1.44,0.23,no
Close_Low_Range_ADX_Short,130,85.38,1.59,1.43,2.13,YES
Fisher_Deep_Bear_Short,120,83.33,1.6,1.42,2,YES
EFI_Cross_Zero_ADX_CMF_Short,11,81.82,0.52,1.41,0.27,no
WMA9_CMF_Deep_EFI_Short,4,75,0.29,1.4,0.08,no
Close_Low_Range_Bear_Short,107,85.05,1.25,1.36,1.59,YES
WMA_Fisher_Bear_Short,15,73.33,0.54,1.34,0.25,no
MTF_RSI_Cross_Confirm_Short,5,80,0.28,1.34,0.06,no
BB_Width_Expand_Bear_Short,135,80.74,1.32,1.32,1.76,YES
WMA13_WMA34_EFI_Bear_Short,22,72.73,0.58,1.29,0.4,no
EMA9_Cross_EMA21_Short,19,73.68,0.54,1.29,0.29,no
WMA9_Cross_WMA21_MACD_ADX_Short,10,80,0.37,1.29,0.11,no
ADX_Surge_Breakout_Long,31,70.97,0.6,1.28,0.35,YES
Two_Bar_Bear_Reversal_ADX_Short,88,80.68,0.88,1.26,0.98,YES
HMA_ADX_CMF_Bear_Short,112,80.36,0.95,1.25,1.27,YES
Bearish_Momentum_EFI_ADX_Short,70,80,0.59,1.18,0.65,no
MACD_ADX_CMF_Bear_Short,38,78.95,0.34,1.16,0.21,no
EFI_Bullish_Cross_Long,40,75,0.3,1.14,0.23,no
1h_MACD_Hist_Flip_CMF_Short,45,73.33,0.2,1.07,0.18,no
Donchian_Breakdown_Short,74,79.73,0.22,1.06,0.25,no
Keltner_Lower_Break_Short,62,79.03,0.18,1.06,0.18,no
Keltner_Lower_EFI_ADX_Short,62,79.03,0.18,1.06,0.18,no
BB_Mid_ADX_CMF_Bear_V2_Short,39,84.62,0.12,1.06,0.1,no
Big_Bear_Candle_Short,36,75,0.11,1.04,0.11,no
WMA13_WMA34_Bear_Cross_Short,24,66.67,0,1,0,no
WMA_ADX_Strong_Bear_Short,2,50,0,0.99,0,no
WMA9_EFI_ADX_Bear_Short,2,50,0,0.99,0,no
EMA8_Cross_EFI_ADX_Short,19,73.68,-0.06,0.97,-0.04,no
PSAR_4h_Flip_Long,148,74.32,-0.21,0.95,-0.27,no
Big_Bear_Candle_ADX_Short,35,74.29,-0.14,0.95,-0.15,no
Coppock_EFI_Bear_Short,24,79.17,-0.12,0.94,-0.08,no
Keltner_ADX_CMF_Bear_Short,41,78.05,-0.16,0.93,-0.14,no
1h_Fisher_CMF_Confirm_Short,73,68.49,-0.35,0.91,-0.39,no
WR_Mid_EFI_ADX_Short,15,66.67,-0.17,0.91,-0.13,no
1h_Fisher_EFI_Bear_Short,75,69.33,-0.38,0.9,-0.46,no
Aroon_Crossover_Bull_Long,11,63.64,-0.2,0.88,-0.09,no
Close_High_Range_ADX_Long,170,77.06,-0.64,0.87,-1.05,no
KST_Below_Zero_Bear_Short,27,66.67,-0.35,0.86,-0.27,no
HTF_Aligned_Pullback_Long,14,78.57,-0.19,0.86,-0.09,no
WMA13_Cross_EMA55_CMF_ADX_Short,9,66.67,-0.2,0.86,-0.11,no
WMA5_Cross_EMA13_EFI_ADX_Short,9,55.56,-0.22,0.85,-0.09,no
RSI55_CMF_ADX_Bear_V2_Short,6,66.67,-0.18,0.85,-0.06,no
WMA13_WMA34_ADX_Bear_Short,20,65,-0.37,0.84,-0.26,no
EMA9_Cross_EFI_ADX_Long,7,71.43,-0.2,0.83,-0.08,no
ADX_Surge_Breakout_Short,52,69.23,-0.78,0.79,-0.73,no
HMA_Slope_EMA_MACD_Bull_Long,98,70.41,-0.93,0.78,-1.01,no
EMA8_Cross_EMA50_Short,12,58.33,-0.37,0.77,-0.17,no
WMA_CMF_Bear_Short,6,66.67,-0.27,0.77,-0.08,no
Three_Bull_Candles_Long,99,73.74,-1.08,0.74,-1.09,no
Squeeze_Fired_Long,27,62.96,-0.7,0.74,-0.42,no
Coppock_ADX_Bear_Short,17,70.59,-0.54,0.74,-0.34,no
EMA21_EMA50_Death_Cross_Short,14,71.43,-0.59,0.68,-0.33,no
EMA8_Cross_WMA13_Fisher_ADX_Long,28,64.29,-1,0.66,-0.66,no
Dual_RSI_Oversold_Long,21,80.95,-0.67,0.64,-0.36,no
1h_WMA13_CMF_Bear_Short,19,63.16,-0.93,0.64,-0.69,no
Donchian_Breakout_Long,49,63.27,-1.33,0.63,-1.15,no
Coppock_Zero_Bear_Short,31,67.74,-1.12,0.63,-0.82,no
WMA9_Fisher_ADX_Short,5,60,-0.46,0.63,-0.13,no
WMA9_CMF_ADX_Bear_Short,5,60,-0.46,0.63,-0.13,no
WMA_Bear_Cross_Short,5,60,-0.46,0.63,-0.13,no
WMA_EFI_Bear_Short,5,60,-0.46,0.63,-0.13,no
KST_EFI_Bear_V_Short,33,69.7,-1.14,0.62,-0.94,no
KST_EFI_Bear_Short,33,69.7,-1.14,0.62,-0.94,no
KST_ADX_Bear_Short,13,76.92,-0.67,0.61,-0.33,no
Aroon_Crossover_Bear_Short,21,57.14,-1.1,0.59,-0.64,no
KST_Signal_Cross_Bear_Short,37,64.86,-1.43,0.57,-1.23,no
RSI_MACD_KST_Bear_Short,37,64.86,-1.43,0.57,-1.23,no
WilliamsR_Overbought_Short,22,72.73,-0.83,0.56,-0.39,no
KST_Bearish_Cross_Short,27,59.26,-1.35,0.53,-0.87,no
RSI55_EMA_MACD_Bear_Short,4,50,-0.98,0.33,-0.28,no
Five_Indicator_Bear_Short,3,66.67,-0.68,0.31,-0.13,no
WMA21_Cross_EMA55_EFI_ADX_Short,10,30,-2.43,0.21,-1.16,no
Bullish_Hammer_Long,8,50,-1.59,0.2,-0.58,no
Three_EMA_Cascade_Short,6,50,-1.59,0.17,-0.66,no
Bearish_Pin_Bar_Short,2,50,-0.91,0.11,-0.07,no
RSI_Mid_Cross_Long,10,100,4.75,0,0.61,no
EMA8_Cross_CMF_ADX_Short,9,100,5.96,0,0.94,no
Coppock_CMF_Bear_Short,7,100,4.03,0,0.43,no
WMA9_CMF_ADX_Long,5,100,9.84,0,0.44,no
WMA9_Fisher_Aroon_Bear_Short,5,100,7.6,0,0.57,no
WMA_KST_Bear_Short,4,100,8.83,0,0.5,no
WMA9_Aroon_Bear_Short,3,100,7.97,0,0.34,no
RSI48_Break_CMF_Short,3,100,4.95,0,0.43,no
WMA9_CMF_Deep_Bear_Short,1,100,0,0,0.16,no
Fisher_Extreme_Short,0,0,0,0,0,no
Pivot_Level_Break,0,0,0,0,0,no
MACD_Hist_Expansion_Short,0,0,0,0,0,no
StochRSI_4h_Oversold_Long,0,0,0,0,0,no
Supertrend_Flip_Short,0,0,0,0,0,no
Bollinger_Mean_Reversion,0,0,0,0,0,no
Squeeze_Fired_Short,0,0,0,0,0,no
WilliamsR_Oversold_Long,0,0,0,0,0,no
HMA9_Slope_EFI_ADX_Short,0,0,0,0,0,no
EMA_Ribbon_Trend_Rider,0,0,0,0,0,no
BB_Lower_Break_Short,0,0,0,0,0,no
Supertrend_Flip_Long,0,0,0,0,0,no
CMF_Cross_Bearish_Short,0,0,0,0,0,no
ADX_Momentum_Breakout,0,0,0,0,0,no
VWAP_Institutional_Fade,0,0,0,0,0,no
Opening_Range_Breakout,0,0,0,0,0,no
Funding_Extreme_Contrarian_Short,0,0,0,0,0,no
CMF_Cross_EFI_ADX_Short,0,0,0,0,0,no
OBV_Breakout_Long,0,0,0,0,0,no
OBV_Breakdown_Short,0,0,0,0,0,no
MACD_Hist_Expansion_Long,0,0,0,0,0,no
KST_Bullish_Cross_Long,0,0,0,0,0,no
Funding_Extreme_Contrarian_Long,0,0,0,0,0,no
EFI_Bearish_Cross_Short,0,0,0,0,0,no
Funding_Rate_Fade,0,0,0,0,0,no
PSAR_4h_Flip_Short,0,0,0,0,0,no
DEMA_4h_Golden_Cross_Long,0,0,0,0,0,no
DEMA_4h_Death_Cross_Short,0,0,0,0,0,no
RSI_4h_Momentum_Short,0,0,0,0,0,no
Chandelier_Break_Short,0,0,0,0,0,no
Coppock_Cross_Long,0,0,0,0,0,no
EMA9_Cross_EMA21_Long,0,0,0,0,0,no
MACD_Zero_Cross_Trend_Short,0,0,0,0,0,no
Triple_EMA_Bull_Long,0,0,0,0,0,no
Triple_EMA_Bear_Short,0,0,0,0,0,no
MACD_Zero_Cross_Trend_Long,0,0,0,0,0,no
Donchian_Lower_EFI_ADX_Short,0,0,0,0,0,no
MACD_Double_Bearish_Short,0,0,0,0,0,no
HMA_4h_Direction_Short,0,0,0,0,0,no
MACD_Signal_Cross_Short,0,0,0,0,0,no
MACD_Signal_Cross_Long,0,0,0,0,0,no
RSI_Mid_Cross_Short,0,0,0,0,0,no
Dual_RSI_Overbought_Short,0,0,0,0,0,no
Fisher_Zero_EFI_ADX_Short,0,0,0,0,0,no
RSI_Deep_Mid_Cross_Short,0,0,0,0,0,no
Bearish_Momentum_Candle_Short,0,0,0,0,0,no
Stoch_Bear_EFI_ADX_Short,0,0,0,0,0,no
BB_Squeeze_Breakout_Long,0,0,0,0,0,no
HTF_Aligned_Pullback_Short,0,0,0,0,0,no
MACD_Signal_EFI_ADX_Short,0,0,0,0,0,no
1h_KST_EFI_Bear_Short,0,0,0,0,0,no
Fisher_Zero_Cross_Short,0,0,0,0,0,no
MACD_Hist_Sign_Flip_Short,0,0,0,0,0,no
1h_Aroon_CMF_Bear_Short,0,0,0,0,0,no
WR_OB_Exit_Short,0,0,0,0,0,no
Volatility_Regime_Shift,0,0,0,0,0,no
CMF_Zero_Bear_Short,0,0,0,0,0,no
1h_BB_Width_CMF_Bear_Short,0,0,0,0,0,no
EFI_Zero_Cross_Bear_Short,0,0,0,0,0,no
BB_Mid_Break_Short,0,0,0,0,0,no
Chandelier_Bull_Break_Long,0,0,0,0,0,no
Donchian_Mid_Break_Short,0,0,0,0,0,no
Fisher_High_Exit_Short,0,0,0,0,0,no
RSI_60_Break_Short,0,0,0,0,0,no
HMA_Slope_Turn_Short,0,0,0,0,0,no
EMA13_Cross_WMA34_CMF_ADX_Long,0,0,0,0,0,no
DEMA_Death_Cross_Short,0,0,0,0,0,no
Multi_Signal_Confluence_Short,0,0,0,0,0,no
Multi_Signal_Confluence_Long,0,0,0,0,0,no
ZLEMA_Bear_Cross_Short,0,0,0,0,0,no
RSI48_Break_EFI_Short,0,0,0,0,0,no
RSI_65_Break_Short,0,0,0,0,0,no
Funding_Rate_Extreme_Short,0,0,0,0,0,no
Funding_Rate_Extreme_Long,0,0,0,0,0,no
Multi_TF_Supertrend_Cascade,0,0,0,0,0,no
ZLEMA_1h_Cross,0,0,0,0,0,no
StochRSI_1h_Reversal,0,0,0,0,0,no
HMA_Slope_Shift,0,0,0,0,0,no
Ichimoku_Cloud_Break,0,0,0,0,0,no
BB_Upper_Walk_Fail_Short,0,0,0,0,0,no
ATR_Spike_Bear_Short,0,0,0,0,0,no
Price_Below_All_EMAs_Short,0,0,0,0,0,no
PSAR_ADX_Strong_Short,0,0,0,0,0,no
4H_Momentum_Burst,0,0,0,0,0,no
WR_Mid_Cross_Bear_Short,0,0,0,0,0,no
CMF_Deep_Bear_Short,0,0,0,0,0,no
WilliamsR_Swing,0,0,0,0,0,no
Multi_EMA_Full_Cascade_Short,0,0,0,0,0,no
RSI_Bear_Slope_Short,0,0,0,0,0,no
1h_Donchian_CMF_Bear_Short,0,0,0,0,0,no
Aroon_Bear_Strong_Short,0,0,0,0,0,no
EFI_Bear_Cross_Short,0,0,0,0,0,no
OBV_Divergence_1h,0,0,0,0,0,no
Donchian_Squeeze,0,0,0,0,0,no
MTF_RSI_Dual_Bear_Short,0,0,0,0,0,no
MTF_EMA_Confirm_Bear_Short,0,0,0,0,0,no
1h_MACD_Cross_Bear_Short,0,0,0,0,0,no
1h_RSI_60_Break_Bear_Short,0,0,0,0,0,no
1h_EMA_Death_Cross_Bear_Short,0,0,0,0,0,no
MTF_CMF_Both_Neg_Short,0,0,0,0,0,no
1h_Fisher_Zero_Cross_Short,0,0,0,0,0,no
1h_WR_OB_Cross_Bear_Short,0,0,0,0,0,no
MTF_MACD_Both_Neg_Short,0,0,0,0,0,no
1h_CMF_Zero_Cross_Bear_Short,0,0,0,0,0,no
1h_StochRSI_OB_Cross_Bear_Short,0,0,0,0,0,no
EFI_Momentum,0,0,0,0,0,no
1h_BB_Mid_Break_Bear_Short,0,0,0,0,0,no
1h_Supertrend_Bear_Short,0,0,0,0,0,no
1h_EFI_Zero_Cross_Bear_Short,0,0,0,0,0,no
1h_RSI_Mid_Bear_Cross_Short,0,0,0,0,0,no
1h_OBV_Bear_SMA_Cross_Short,0,0,0,0,0,no
1h_Keltner_Break_Bear_Short,0,0,0,0,0,no
1h_Donchian_Break_Bear_Short,0,0,0,0,0,no
1d_MACD_Neg_4h_Entry_Short,0,0,0,0,0,no
1h_RSI45_Break_CMF_Short,0,0,0,0,0,no
CMF_OBV_Confluence_Bear_Short,0,0,0,0,0,no
Fisher_CMF_Confirm_Bear_Short,0,0,0,0,0,no
Stoch_Bear_Cross_Short,0,0,0,0,0,no
WR_RSI_Bear_Confirm_Short,0,0,0,0,0,no
Aroon_CMF_Bear_Dual_Short,0,0,0,0,0,no
BB_RSI_Double_Bear_Short,0,0,0,0,0,no
1h_MACD_Zero_EFI_Short,0,0,0,0,0,no
Keltner_Breakout,0,0,0,0,0,no
DEMA_RSI_Bear_Short,0,0,0,0,0,no
ZLEMA_EFI_Bear_Short,0,0,0,0,0,no
DEMA_Pullback,0,0,0,0,0,no
PSAR_Trend,0,0,0,0,0,no
StochRSI_ADX_Bear_Short,0,0,0,0,0,no
EMA20_Cross_WMA34_CMF_ADX_Long,0,0,0,0,0,no
Supertrend_CMF_Bear_Short,0,0,0,0,0,no
EMA13_Cross_EMA55_Fisher_ADX_Long,0,0,0,0,0,no
ATR_CMF_Expand_Bear_Short,0,0,0,0,0,no
RSI_Fisher_Bear_Short,0,0,0,0,0,no
Coppock_KST_Bear_Short,0,0,0,0,0,no
WMA5_WMA13_Bear_Cross_Short,0,0,0,0,0,no
ATR_Expand_EFI_Bear_Short,0,0,0,0,0,no
ATR_Expand_Fisher_Bear_Short,0,0,0,0,0,no
ATR_Expand_WR_Bear_Short,0,0,0,0,0,no
WMA5_CMF_Bear_Short,0,0,0,0,0,no
Chandelier_Follow,0,0,0,0,0,no
Keltner_Mid_EFI_Bear_Short,0,0,0,0,0,no
Supertrend_Rider,0,0,0,0,0,no
WMA_RSI_Bear_Short,0,0,0,0,0,no
Multi_TF_ZScore_Short,0,0,0,0,0,no
ZLEMA_CMF_Bear_Short,0,0,0,0,0,no
DEMA_CMF_Bear_Short,0,0,0,0,0,no
Fisher_WR_Bear_Short,0,0,0,0,0,no
Multi_TF_ZScore_Long,0,0,0,0,0,no
CMF_BB_Touch,0,0,0,0,0,no
1h_WMA_Bear_CMF_Short,0,0,0,0,0,no
1h_WMA_EFI_Bear_Short,0,0,0,0,0,no
WMA5_WMA13_ADX_Bear_Short,0,0,0,0,0,no
WMA5_WMA13_EFI_Bear_Short,0,0,0,0,0,no
BB_Mid_EFI_Bear_Short,0,0,0,0,0,no
Narrow_Range_Breakout,0,0,0,0,0,no
Volatility_Squeeze_Entry,0,0,0,0,0,no
ZLEMA_ADX_Bear_Short,0,0,0,0,0,no
ZLEMA_Fisher_Bear_Short,0,0,0,0,0,no
DEMA_ADX_Strong_Bear_Short,0,0,0,0,0,no
DEMA_EFI_Bear_Short,0,0,0,0,0,no
1h_WMA9_WMA21_ADX_Bear_Short,0,0,0,0,0,no
1h_ZLEMA_CMF_Bear_Short,0,0,0,0,0,no
Donchian_EFI_Bear_Short,0,0,0,0,0,no
1h_WMA5_WMA13_Bear_Short,0,0,0,0,0,no
1h_WR_CMF_Bear_Short,0,0,0,0,0,no
1h_RSI_CMF_Bear_Short,0,0,0,0,0,no
1h_EFI_CMF_Bear_Short,0,0,0,0,0,no
1h_DEMA_CMF_Bear_Short,0,0,0,0,0,no
1h_BB_Mid_CMF_Bear_Short,0,0,0,0,0,no
1h_KST_CMF_Bear_Short,0,0,0,0,0,no
1h_StochRSI_CMF_Bear_Short,0,0,0,0,0,no
StochRSI_Cross,0,0,0,0,0,no
WMA9_Donchian_Bear_Short,0,0,0,0,0,no
Fisher_Transform_Signal,0,0,0,0,0,no
WilliamsR_Hammer,0,0,0,0,0,no
BB_Mid_ADX_Bear_Short,0,0,0,0,0,no
Keltner_ADX_Bear_Short,0,0,0,0,0,no
Donchian_ADX_Bear_Short,0,0,0,0,0,no
RSI55_Break_ADX_Short,0,0,0,0,0,no
MACD_Hist_Flip_ADX_Short,0,0,0,0,0,no
Supertrend_CMF_ADX_Bear_Short,0,0,0,0,0,no
ZLEMA_Momentum_Scalp,0,0,0,0,0,no
Aroon_EFI_Bear_Short,0,0,0,0,0,no
1h_WMA9_ADX_EFI_Bear_Short,0,0,0,0,0,no
1h_EMA9_CMF_Bear_Short,0,0,0,0,0,no
1h_EMA9_EFI_Bear_Short,0,0,0,0,0,no
Fisher_ADX_Bear_Short,0,0,0,0,0,no
EFI_CMF_Bear_Dual_Short,0,0,0,0,0,no
WR_CMF_Bear_Short,0,0,0,0,0,no
Aroon_CMF_Bear_V_Short,0,0,0,0,0,no
Fisher_ADX_OBV_Bear_Short,0,0,0,0,0,no
WMA_ADX_OBV_Bear_Short,0,0,0,0,0,no
EFI_ADX_CMF_Bear_V2_Short,0,0,0,0,0,no
StochRSI_ADX_CMF_Bear_V2_Short,0,0,0,0,0,no
EFI_Zero_EMA_MACD_Bear_Short,0,0,0,0,0,no
Higher_Low_Confirm_Long,0,0,0,0,0,no
OBV_Decline_EMA_MACD_Bear_Short,0,0,0,0,0,no
WMA_Cross_EMA_MACD_Bear_Short,0,0,0,0,0,no
1h_Close_Low_Range_Short,0,0,0,0,0,no
Fisher_EMA_MACD_Bear_Short,0,0,0,0,0,no
Two_Lower_Highs_EMA_MACD_Bear_Short,0,0,0,0,0,no
Donchian_EMA_MACD_Bear_Short,0,0,0,0,0,no
1h_CMF_Cross_EMA_MACD_Bear_Short,0,0,0,0,0,no
1h_Three_Bear_Candles_Short,0,0,0,0,0,no
Keltner_EMA_MACD_Bear_Short,0,0,0,0,0,no
